"conversation_id_str","created_at","favorite_count","full_text","id_str","image_url","in_reply_to_screen_name","lang","location","quote_count","reply_count","retweet_count","tweet_url","user_id_str","username"
"1820889335421661524","Tue Aug 06 18:27:02 +0000 2024","0","Megawati Akhirnya Blak-blakan Terkait Hubungannya dengan Jokowi: Tidak Mau 3 Periode... https://t.co/OEGS5bjNv0","1820889335421661524","","","in","","0","0","0","https://x.com/OposisiCerdas/status/1820889335421661524","887743587579944960","OposisiCerdas"
"1820732351384875056","Tue Aug 06 18:23:51 +0000 2024","0","@tempodotco Kapan para pejabat ini bisa berpikir sehat ? buang2 uang negara untuk pencitraan jokowi semata !","1820888534779359267","","tempodotco","in","Jakarta Timur, DKI Jakarta","0","0","0","https://x.com/SsPasadena/status/1820888534779359267","1616209097254375425","SsPasadena"
"1820835029855183308","Tue Aug 06 18:23:49 +0000 2024","0","@emerson_yuntho @Dr_Moeldoko Gosah dengerin pak Mul terus aja belagak budek. Lagian Jokowi jg ACC kok. ","1820888526910845216","","emerson_yuntho","in","Kota Palembang, Sumatera Selat","0","0","0","https://x.com/Rosidin_Sumsel/status/1820888526910845216","880457581138853888","Rosidin_Sumsel"
"1820618893263774177","Tue Aug 06 18:23:12 +0000 2024","0","@5teV3n_Pe9eL Lah Indonesia di pimpin @jokowi bisa apa coba?","1820888370358448213","","5teV3n_Pe9eL","in","Dihatimu ‚ô•Ô∏è","0","0","0","https://x.com/rieribet/status/1820888370358448213","4712518004","rieribet"
"1820888344718696448","Tue Aug 06 18:23:06 +0000 2024","0","Jokowi Bakal Kumpulkan Kepala Daerah se-Indonesia ke IKN 13 Agustus 2024 https://t.co/SIGsZHoDWG #News","1820888344718696448","","","in","Jakarta","0","0","0","https://x.com/liputan6dotcom/status/1820888344718696448","47596019","liputan6dotcom"
"1820676941458051452","Tue Aug 06 18:22:50 +0000 2024","0","@DidiekMurdock 9 tahun berlimpah harta penuh puja puji korupsi sana sini begitu setahun kran distop penuh umpat caci pengen lihat hasto nangis lagi wkt bela jokowi ","1820888278805188982","","DidiekMurdock","in","","0","0","0","https://x.com/Mr_Boed2/status/1820888278805188982","1606182135190036481","Mr_Boed2"
"1820830200583909727","Tue Aug 06 18:21:03 +0000 2024","0","@bitxt @jokowi Masuk akal. Otak dia isinya cuma wang wang dan wang","1820887827254800781","","bitxt","in","","0","0","0","https://x.com/gwen_takahashi/status/1820887827254800781","1372111219516010500","gwen_takahashi"
"1820839219864199237","Tue Aug 06 18:20:55 +0000 2024","0","@ZulkifliLubis69 @jokowi Itulah hebatnya jokowi Apapun yg dia inginkan tak seorangpun yg berani menentangnya apalagi menghalanginya semua tokoh partai dan pemegang kekuasaan patuh dan dg semangatnya mendukung apapun yg dia mau. Kritik dan suara rakyat hanyalah angin lalu.","1820887795843637523","","ZulkifliLubis69","in","","0","0","0","https://x.com/dela_pino/status/1820887795843637523","1345199412004360193","dela_pino"
"1818650168432246899","Tue Aug 06 18:20:13 +0000 2024","0","@jokowi support terus","1820887620735648041","","jokowi","in","","0","0","0","https://x.com/tiara_ayu243/status/1820887620735648041","1800739268643737600","tiara_ayu243"
"1819169869524611442","Tue Aug 06 18:19:36 +0000 2024","0","@jokowi support terus","1820887464699142477","","jokowi","in","","0","0","0","https://x.com/tiara_ayu243/status/1820887464699142477","1800739268643737600","tiara_ayu243"
"1820378706004890049","Tue Aug 06 18:18:58 +0000 2024","0","@jokowi support terus","1820887305957294181","","jokowi","in","","0","0","0","https://x.com/tiara_ayu243/status/1820887305957294181","1800739268643737600","tiara_ayu243"
"1820763095419298152","Tue Aug 06 18:18:43 +0000 2024","0","@mardigu024 Ma bocah yg berkata @jokowi kacung aja gak brani. Palagi ini ma majikannya. Yg ada kita bisa lihat @jokowi cuci muka pakai air konokan mrk!","1820887239880298840","","mardigu024","in","United States","0","0","0","https://x.com/KingOfLipServis/status/1820887239880298840","871944953060106241","KingOfLipServis"
"1820625029362848000","Tue Aug 06 18:16:49 +0000 2024","0","@QianzyZ @jokowi sekeluarga udh liat blum?","1820886764598550913","","QianzyZ","in","Dihatimu ‚ô•Ô∏è","0","0","0","https://x.com/rieribet/status/1820886764598550913","4712518004","rieribet"
"1819676997012033741","Tue Aug 06 18:16:12 +0000 2024","0","@aewin86 Gak cuma Jokowi doang faktor lain juga bisa jadi pertimbangan Investor buat masuk ke Indonesia.","1820886609249890776","","aewin86","in","Jateng","0","0","0","https://x.com/mpq1265/status/1820886609249890776","887779836160339969","mpq1265"
"1820758387241705494","Tue Aug 06 18:05:38 +0000 2024","0","@GunRomli @jokowi Mana mau transparan laaaaa","1820883950845489527","","GunRomli","in","","0","0","0","https://x.com/OldkememRider/status/1820883950845489527","1803389269735849984","OldkememRider"
"1820883921363722577","Tue Aug 06 18:05:31 +0000 2024","0","jokowi jancok","1820883921363722577","","","in","k√ºntenserven instislutüè≥Ô∏è‚Äçüåà‚ôëÔ∏è","0","0","0","https://x.com/gourmetbackshot/status/1820883921363722577","1638431265081769985","gourmetbackshot"
"1820807271154348315","Tue Aug 06 18:04:21 +0000 2024","0","@kegblgnunfaedh Gmn pak @jokowi","1820883627720503432","","kegblgnunfaedh","in","@meyliacitra7‚ù§@Chelseafc","0","0","0","https://x.com/Anditriyatmoko1/status/1820883627720503432","430833969","Anditriyatmoko1"
"1097142448193646593","Tue Aug 06 18:04:14 +0000 2024","0","@GreenpeaceID @jokowi @prabowo @jatamnas Semoga ada langkah tegas dari pemerintah untuk menindak pelanggaran lingkungan yang dilakukan oleh para oligarki tambang itu.","1820883597731229724","","GreenpeaceID","in","Jatim","0","0","0","https://x.com/alatfytsuh2/status/1820883597731229724","759668444614758400","alatfytsuh2"
"1820698331003453619","Tue Aug 06 18:03:47 +0000 2024","0","@MichelAdam7__ Memang iblis binatang dajjal kau @jokowi","1820883483293839401","","MichelAdam7__","in","Papua, Indonesia","0","0","0","https://x.com/ramadhanmahyuz1/status/1820883483293839401","829140925318262785","ramadhanmahyuz1"
"1820797861359144981","Tue Aug 06 18:03:03 +0000 2024","0","@saidiman JOKOWI LEMAH? Dikeroyok banyak pihak sejak periode pertama menjabat Presiden bahkan oleh @PDI_Perjuangan Sudah mempermalukan Tuhan mengultimatum Allah Nyatanya hingga menjelang akhir periode kedua justru orang-orang yang menyerangnya yang sudah banyak modyar","1820883298916430155","","saidiman","in","DKI Jakarta ","0","0","0","https://x.com/__SudutPandang/status/1820883298916430155","1376230200","__SudutPandang"
"1820695331639828579","Tue Aug 06 18:02:35 +0000 2024","0","@Aryprasetyo85 Dah tau dikibulin JOKOWI msh aja dicari cari","1820883179760447710","","Aryprasetyo85","in","","0","0","0","https://x.com/BalatonSlagereg/status/1820883179760447710","1650874519354216451","BalatonSlagereg"
"1818650168432246899","Tue Aug 06 18:01:52 +0000 2024","0","@jokowi support terus","1820883001544441915","","jokowi","in","","0","0","0","https://x.com/delfi_kirana/status/1820883001544441915","1584457479630761987","delfi_kirana"
"1820664319073501363","Tue Aug 06 18:01:30 +0000 2024","0","@khoirotun244021 @regar_op0sisi @prabowo @jokowi Rakyat Indonesia itu tidak membutuhkan pendidikan akal dan otak mereka cuma Tahu bansos akalnya sudah tergadaikan dengan beras 10 liter","1820882907034198182","","khoirotun244021","in","","0","0","0","https://x.com/bahryu197091/status/1820882907034198182","1752861137199366144","bahryu197091"
"1819169869524611442","Tue Aug 06 18:01:17 +0000 2024","0","@jokowi support terus","1820882856278917271","","jokowi","in","","0","0","0","https://x.com/delfi_kirana/status/1820882856278917271","1584457479630761987","delfi_kirana"
"1820678543782932487","Tue Aug 06 18:00:53 +0000 2024","0","@yaniarsim @jokowi Emak gw guru honorer 14tahun.. di kasih jargon tanpa tanda jasa emang TAI rezim wakanda","1820882753807945773","","yaniarsim","in","","0","0","0","https://x.com/mausapta/status/1820882753807945773","1408492295142350851","mausapta"
"1820378706004890049","Tue Aug 06 18:00:41 +0000 2024","0","@jokowi support terus","1820882704784879758","","jokowi","in","","0","0","0","https://x.com/delfi_kirana/status/1820882704784879758","1584457479630761987","delfi_kirana"
"1820766760989241526","Tue Aug 06 17:54:50 +0000 2024","0","@abdulhafizdarma @GirlBieberJ @prabowo @jokowi @gibran_tweet @NatRothschild1 @agathadew_ @kamandhakas @cimotyy kemajuan dan potensi besar bisa kita raih dengan strategi ini.","1820881231648845975","","abdulhafizdarma","in","","0","0","0","https://x.com/utakasel/status/1820881231648845975","3168123478","utakasel"
"1820851117825376657","Tue Aug 06 17:54:09 +0000 2024","0","@bearnotber Iya dimaapin Yg ga dimaapin jokowi","1820881058180821456","","bearnotber","in","","0","0","0","https://x.com/R_besar173/status/1820881058180821456","1553413156055416832","R_besar173"
"1820766760989241526","Tue Aug 06 17:54:05 +0000 2024","0","@azharie27 @GirlBieberJ @prabowo @jokowi @gibran_tweet @NatRothschild1 @agathadew_ @kamandhakas @cimotyy Kita tetap waspada tapi juga harus membuka diri untuk peluang yang bisa membawa manfaat.","1820881043551089084","","azharie27","in","","0","0","0","https://x.com/utakasel/status/1820881043551089084","3168123478","utakasel"
"1820716502393479393","Tue Aug 06 17:53:22 +0000 2024","0","@ch_chotimah2 @jokowi Lambat laun semua kebusukan jokowi akn kebongkar semua seiring waktu berjalan. Biar rakyat yg akn menilainya sndri. Siapa si jokowidodo itu sebenarnya. Monster kah atau serigala berbulu domba.","1820880864051655070","","ch_chotimah2","in","","0","0","0","https://x.com/ariyanto50852/status/1820880864051655070","1752586359209144320","ariyanto50852"
"1820760679089123826","Tue Aug 06 17:53:14 +0000 2024","0","@daffaalfarid4 @griselruiz88 @prabowo @jokowi @gibran_tweet @NatRothschild1 @PartaiSocmed @satriyotutuko @Bud_Cavalera Prabowo punya visi besar untuk Indonesia. Mari kita dukung langkah-langkah strategisnya.","1820880826558804085","","daffaalfarid4","in","","0","0","0","https://x.com/utakasel/status/1820880826558804085","3168123478","utakasel"
"1820760679089123826","Tue Aug 06 17:52:25 +0000 2024","0","@HajrinMantu @griselruiz88 @prabowo @jokowi @gibran_tweet @NatRothschild1 @PartaiSocmed @satriyotutuko @Bud_Cavalera Prabowo memiliki strategi untuk menghindari kehancuran dan membawa kemajuan.","1820880624565268990","","HajrinMantu","in","","0","0","0","https://x.com/utakasel/status/1820880624565268990","3168123478","utakasel"
"1820773177133535251","Tue Aug 06 17:51:50 +0000 2024","0","@abdulhafizdarma @gorunbiraz3 @prabowo @jokowi @gibran_tweet @NatRothschild1 @virtual_asisten @BangPino__ @mpoklela7 Gebrakanmu sangat berkelas pak","1820880475814293647","","abdulhafizdarma","in","","0","0","0","https://x.com/utakasel/status/1820880475814293647","3168123478","utakasel"
"1820081561821454702","Tue Aug 06 17:51:37 +0000 2024","0","@jokowi setuju","1820880422575993236","","jokowi","in","","0","0","0","https://x.com/hasbun_dawii/status/1820880422575993236","1578696448946098178","hasbun_dawii"
"1820773177133535251","Tue Aug 06 17:50:58 +0000 2024","0","@HajrinMantu @gorunbiraz3 @prabowo @jokowi @gibran_tweet @NatRothschild1 @virtual_asisten @BangPino__ @mpoklela7 Prabowo tidak akan membiarkan tanah Indonesia jatuh ke tangan asing.","1820880259417575683","","HajrinMantu","in","","0","0","0","https://x.com/utakasel/status/1820880259417575683","3168123478","utakasel"
"1820758387241705494","Tue Aug 06 17:50:38 +0000 2024","0","@GunRomli @jokowi Kau ngoceh gini kan karna kau gak diajak tur... Itukan krn orang2 sepertimu dulu gak bisa bedakan mana TAI mana makanan ","1820880173342061029","","GunRomli","in","","0","0","0","https://x.com/SOSSXL/status/1820880173342061029","1603600137036890112","SOSSXL"
"1820629881300144476","Tue Aug 06 17:50:27 +0000 2024","0","@neVerAl0nely Knpa grombolan lu sllu gagal nurunin Jokowi .. karena grombolan lu cuma dikit jadi hanya bisa merasa Ter zolimi","1820880128924340232","","neVerAl0nely","in","","0","0","0","https://x.com/madhadi435/status/1820880128924340232","749650929222230016","madhadi435"
"1820263596322070824","Tue Aug 06 17:50:26 +0000 2024","0","@NinzExe07 @jokowi Yang MENURUNKAN hujan menurut Islam memang Allah SWT tetapi ikhtiar memperkecil/memperbesar curah hujan karena suatu kepentingan dengan METODE MODERN dibolehkan kok dalam Islam. Yang jelas bukan dengan pawang Rara. Hati¬≤ ya kalau komen bawa¬≤ nama Tuhan.","1820880124495212772","","NinzExe07","in","","0","0","0","https://x.com/rachmat010122/status/1820880124495212772","1337372338296213504","rachmat010122"
"1820800526432583818","Tue Aug 06 17:50:24 +0000 2024","0","@dapitnih @Uni_RancakBana yg di sumut itu sangat memalukan mendukung dinasti jokowi!","1820880116752556401","","dapitnih","in","","0","0","0","https://x.com/sendal1lang/status/1820880116752556401","1633728833064144897","sendal1lang"
"1820766216232882687","Tue Aug 06 17:49:39 +0000 2024","0","@daffaalfarid4 @GirlBieberJ @prabowo @jokowi @gibran_tweet @NatRothschild1 @RcyberProj0 @99propaganda @ayundhaqh Salutt dgn pak prabowo","1820879926704374227","","daffaalfarid4","in","","0","0","0","https://x.com/utakasel/status/1820879926704374227","3168123478","utakasel"
"1820766216232882687","Tue Aug 06 17:49:26 +0000 2024","0","@abdulhafizdarma @GirlBieberJ @prabowo @jokowi @gibran_tweet @NatRothschild1 @RcyberProj0 @99propaganda @ayundhaqh Luar biasa pak Prabowo","1820879870483952034","","abdulhafizdarma","in","","0","0","0","https://x.com/utakasel/status/1820879870483952034","3168123478","utakasel"
"1820587217989108084","Tue Aug 06 17:49:15 +0000 2024","0","@muhammaroke Ada yang lupa. Tukang jual kopi keliling pakai sepeda. Untuk bayar utang.. Tangkap jokowi hukum mati. Itu lebih tepat.","1820879827370701278","","muhammaroke","in","","0","0","0","https://x.com/indonesiaeffort/status/1820879827370701278","1664602487469514752","indonesiaeffort"
"1820760172152946961","Tue Aug 06 17:48:24 +0000 2024","0","@daffaalfarid4 @griselruiz88 @prabowo @jokowi @gibran_tweet @NatRothschild1 @DS_yantie @ulwanfakhri @narkosun Kelasss presidenkuhh!!","1820879610428715466","","daffaalfarid4","in","","0","0","0","https://x.com/utakasel/status/1820879610428715466","3168123478","utakasel"
"1374574807556124680","Tue Aug 06 17:48:14 +0000 2024","0","@maman1965 @jokowi Bener banget bro! Literasi itu penting banget buat kemajuan bangsa. Semoga usulan ini didengar dan dilaksanakan ya biar makin banyak generasi muda yg doyan baca buku.","1820879568397537333","","maman1965","in","Jakarta","0","0","0","https://x.com/paralarries/status/1820879568397537333","825594048241135616","paralarries"
"1820760172152946961","Tue Aug 06 17:48:06 +0000 2024","0","@HajrinMantu @griselruiz88 @prabowo @jokowi @gibran_tweet @NatRothschild1 @DS_yantie @ulwanfakhri @narkosun Inilah orang2 yg pesimis","1820879537930170597","","HajrinMantu","in","","0","0","0","https://x.com/utakasel/status/1820879537930170597","3168123478","utakasel"
"1820654273832853522","Tue Aug 06 17:45:47 +0000 2024","0","@DokterTifa Akan jadi catatan sejarah kelam Indonesia sebagai jejak peninggalan R.A. Jokowi (RA: raja Amangkurat)","1820878952489218324","","DokterTifa","in","jakarta","0","0","0","https://x.com/ps_toto/status/1820878952489218324","427242304","ps_toto"
"1820352385337954500","Tue Aug 06 17:44:17 +0000 2024","0","@beritaKBR @TurnBackHoax pencarian faktanya? Temukan selengkapnya di podcast #CekFakta melalui KBR Prime atau platform mendengarkan podcast favoritmu! #Jokowi #JokoWidodo #PrabowoSubianto #GibranRakabuming #Podcast #PodcastIndonesia #KBRPrime ","1820878576386019656","","aribowosasmito","in","/home, no place like it!","0","0","0","https://x.com/aribowosasmito/status/1820878576386019656","32846252","aribowosasmito"
"1820352385337954500","Tue Aug 06 17:44:10 +0000 2024","0","@beritaKBR @TurnBackHoax pada tanggal 27 Juli 2024 dengan narasi demo pemakzulan Jokowi diskualifikasi Presiden dan Wakil Presiden terpilih Prabowo-Gibran. Kabarnya informasi tersebut berulang kali muncul pada tahun 2020. Kontennya bisa dicek di Twitter atau X @TurnBackHoax Seperti apa ...","1820878548602929223","","aribowosasmito","in","/home, no place like it!","0","1","0","https://x.com/aribowosasmito/status/1820878548602929223","32846252","aribowosasmito"
"1820878517468528766","Tue Aug 06 17:44:03 +0000 2024","0","Blak-blakan Mega Bilang Baik-baik Saja dengan Jokowi - https://t.co/qdqrGa3M22 https://t.co/8RWDk3prFw","1820878517468528766","","","in","","0","0","0","https://x.com/RelawanMonas/status/1820878517468528766","2278449764","RelawanMonas"
"1820878462258966605","Tue Aug 06 17:43:50 +0000 2024","0","Banyak yang tulis apa ini akan terjadi lagi di Indonesia? Dari mana mungkin Jokowi mampu digulingkan kalau bangsa Indonesia terus jadi bangsa GO BLOCK tidak mampu GO OUT OF BLOCK? https://t.co/WKorl78ZYr","1820878462258966605","https://pbs.twimg.com/ext_tw_video_thumb/1820878401714188288/pu/img/OKg7DGtfqpojMamI.jpg","","in","","0","0","0","https://x.com/indonesiaeffort/status/1820878462258966605","1664602487469514752","indonesiaeffort"
"1349698273095794690","Tue Aug 06 17:42:26 +0000 2024","0","@raffi_nagita17 @jokowi mantap","1820878110566576318","","raffi_nagita17","in","","0","0","0","https://x.com/dinda_syafilaa2/status/1820878110566576318","1627557021850664961","dinda_syafilaa2"
"1820878042614603805","Tue Aug 06 17:42:10 +0000 2024","0","UANG dan UTANG sama¬≤ susah dapatnya hanya di rezim ini... @jokowi","1820878042614603805","","","in","","0","0","0","https://x.com/02fc71ba00c2451/status/1820878042614603805","2886613472","02fc71ba00c2451"
"1820661168358531542","Tue Aug 06 17:42:09 +0000 2024","0","@vanc1Bozz @jokowi Lanjutkan bg kami tau kau cuma cr nafkah buat keluarga .. anjing2 itu saja yg bikin diri seperti penguasa ..","1820878040618168509","","vanc1Bozz","in","Jambi","0","0","0","https://x.com/Axeprodi/status/1820878040618168509","1698760184498397184","Axeprodi"
"1820766216232882687","Tue Aug 06 17:42:03 +0000 2024","0","@HajrinMantu @GirlBieberJ @prabowo @jokowi @gibran_tweet @NatRothschild1 @RcyberProj0 @99propaganda @ayundhaqh Keberhasilan dimasa depan nih bos","1820878013640348105","","HajrinMantu","in","","0","0","0","https://x.com/utakasel/status/1820878013640348105","3168123478","utakasel"
"1820832726595117252","Tue Aug 06 17:42:01 +0000 2024","1","@KompasTV Pasti alesannya fasilitas negara ring 1 area aman buat pejabat. Dah makan tuh pilihan kalian. Kalian sibuk nyebokin jokowi akhirnya prioritas tetap pejabat bukan rakyat.","1820878006463975552","","KompasTV","in","","0","0","1","https://x.com/jundy_id/status/1820878006463975552","2893514226","jundy_id"
"1820760172152946961","Tue Aug 06 17:41:11 +0000 2024","0","@HajrinMantu @griselruiz88 @prabowo @jokowi @gibran_tweet @NatRothschild1 @DS_yantie @ulwanfakhri @narkosun Come on lah berfikir positif","1820877794873856164","","HajrinMantu","in","","0","0","0","https://x.com/kuloppenyong/status/1820877794873856164","3147612973","kuloppenyong"
"1820794801576690124","Tue Aug 06 17:40:41 +0000 2024","0","@abu_waras Lakuan mana Bang bongkahan emas dajjal atau bansos jokowi ? ","1820877671783657802","","abu_waras","in","INDONESIA","0","0","0","https://x.com/inzhapt_76/status/1820877671783657802","1690677138662584320","inzhapt_76"
"1819998433693843498","Tue Aug 06 17:40:22 +0000 2024","0","@NenkMonica Joko joko @jokowi duit dibuang2 ajak2 influencer jalan2 di IKN ga sadar apa ente mau end dan masih banyak rakyat yh kelaparan apa sih yg ada di pikiran ente","1820877592318374056","","NenkMonica","in","Jawa Barat, Indonesia","0","0","0","https://x.com/Harrytadi/status/1820877592318374056","1087578388871540736","Harrytadi"
"1820877562522038711","Tue Aug 06 17:40:15 +0000 2024","0","@jokowi gimn ini omon omon ya","1820877562522038711","","jokowi","in","Indonesia","0","0","0","https://x.com/Dhonykurniawan9/status/1820877562522038711","1023905072923598848","Dhonykurniawan9"
"1820775182057046194","Tue Aug 06 17:36:04 +0000 2024","0","@azharie27 @gorunbiraz3 @prabowo @jokowi @gibran_tweet @NatRothschild1 @dhemit_is_back @Minietweets_ @XiaoMei_99 Investasi penting untuk kemajuan negara. Prabowo pasti akan mengawasi dengan ketat.","1820876507604250681","","azharie27","in","","0","0","0","https://x.com/mareta_thibaz/status/1820876507604250681","3162533261","mareta_thibaz"
"1820661168358531542","Tue Aug 06 17:35:56 +0000 2024","0","@vanc1Bozz @jokowi @jokowi cuma mikirkan keluarganya rakyat indonesia minggir dulu ye.. https://t.co/oek5R2NTep","1820876475421356144","https://pbs.twimg.com/media/GUUNf7OaEAAlHNU.jpg","vanc1Bozz","in","","0","0","0","https://x.com/IqbalKu63221669/status/1820876475421356144","1357552744677081088","IqbalKu63221669"
"1820767643479253198","Tue Aug 06 17:35:50 +0000 2024","0","@azharie27 @GirlBieberJ @prabowo @jokowi @gibran_tweet @NatRothschild1 @Bank_Jo @ayundhaqh @kurawa Kita tetap mendukung Palestina tapi juga harus realistis dalam membangun hubungan internasional.","1820876451350245733","","azharie27","in","","0","0","0","https://x.com/mareta_thibaz/status/1820876451350245733","3162533261","mareta_thibaz"
"1820762120058761661","Tue Aug 06 17:35:36 +0000 2024","0","@azharie27 @griselruiz88 @prabowo @jokowi @gibran_tweet @NatRothschild1 @Android_AK_47 @el_sulfat @M4ngU5il Hubungan diplomatik tidak selalu hitam-putih. Penting untuk membuka peluang baru bagi Indonesia.","1820876391317221757","","azharie27","in","","0","0","0","https://x.com/mareta_thibaz/status/1820876391317221757","3162533261","mareta_thibaz"
"1820774203379101993","Tue Aug 06 17:35:19 +0000 2024","0","@azharie27 @gorunbiraz3 @prabowo @jokowi @gibran_tweet @NatRothschild1 @dika_maxelyou @mediocrickey @G0mb4k Kita perlu melihat hasil akhirnya bukan hanya spekulasi. Prabowo pasti sudah punya rencana matang.","1820876320584429774","","azharie27","in","","0","0","0","https://x.com/mareta_thibaz/status/1820876320584429774","3162533261","mareta_thibaz"
"1820652353940603072","Tue Aug 06 17:35:03 +0000 2024","0","@akbarfaizal68 @almubarak 2010-2014 jokowi naik terlalu pesat di dorong oleh media celaka nya kalian para aktivis 98 melupakan satu kata WHY (KENAPA) bisa semeroket itu jokowi? dengan prestasi yg biasa2 saja. Selalu sisa kan ketidak percayaan terhadap semua","1820876251869184239","","akbarfaizal68","in","","0","0","0","https://x.com/ArkonadaThe/status/1820876251869184239","1622992280469790722","ArkonadaThe"
"1820767119363166238","Tue Aug 06 17:34:39 +0000 2024","0","@azharie27 @GirlBieberJ @jokowi @prabowo @gibran_tweet @NatRothschild1 @Ndons_Back @ajengcute16__ Berpikir positif dan lihat bagaimana langkah ini bisa membawa manfaat bagi Indonesia.","1820876151855968557","","azharie27","in","","0","0","0","https://x.com/mareta_thibaz/status/1820876151855968557","3162533261","mareta_thibaz"
"1820725404514369760","Tue Aug 06 17:33:39 +0000 2024","0","@RadioElshinta kata jokowi Emang gw pikirin ","1820875901019775242","","RadioElshinta","in","","0","0","0","https://x.com/dodabeat/status/1820875901019775242","1655429063652286464","dodabeat"
"1820397083284971986","Tue Aug 06 17:32:46 +0000 2024","1","@ekokuntadhi1 kl kesan saya jokowi haus kekuasaan","1820875675936682420","","ekokuntadhi1","in","","0","0","0","https://x.com/Taufan_global/status/1820875675936682420","1582767990562357254","Taufan_global"
"1820874303774322701","Tue Aug 06 17:27:18 +0000 2024","0","jokowi sehabis bikin dinasti:","1820874303774322701","","","in","","0","0","0","https://x.com/saintkobra/status/1820874303774322701","290607779","saintkobra"
"1820772459760738521","Tue Aug 06 17:27:07 +0000 2024","0","@HajrinMantu @gorunbiraz3 @prabowo @jokowi @gibran_tweet @NatRothschild1 @BANGSAygSUJUD @JhonSitorus_18 @mimih6mei Banyak yang senang karena melihat potensi besar kerjasama ini.","1820874254298353827","","HajrinMantu","in","","0","0","0","https://x.com/24_isti/status/1820874254298353827","1120814994","24_isti"
"1820874248275292595","Tue Aug 06 17:27:05 +0000 2024","1","Menag pertama di RI Rasjidi adalah kader Muhammadiyah. Zaman Soekarno beberapa kali Menag diisi Muhammadiyah salah satunya Fakih Usman. Orba menagnya didominasi Golkar. Terakhir menag Muhammadiyah ada di zaman Habibie. Abdul Malik Fadjar yang pernah jadi watimpres Jokowi.","1820874248275292595","","","in","southeast asia","0","1","0","https://x.com/veefathan/status/1820874248275292595","417774373","veefathan"
"1820764727875883096","Tue Aug 06 17:26:44 +0000 2024","0","@HajrinMantu @GirlBieberJ @prabowo @jokowi @gibran_tweet @NatRothschild1 @AbasBalapradana @ShenaSheira @BANGSAygSUJUD Prabowo akan menjaga perekonomian Indonesia dengan baik.","1820874160756945249","","HajrinMantu","in","","0","0","0","https://x.com/24_isti/status/1820874160756945249","1120814994","24_isti"
"1820861989553631313","Tue Aug 06 17:26:44 +0000 2024","2","@mas_veel @Rocky_Antonie hape banteng dibanting Jokowi auto soaak 16%. klo dada masih busung juga hape bakal auto remuk 0% di pilkada","1820874159561568422","","mas_veel","in","Jakarta Capital Region","0","0","0","https://x.com/temanduit/status/1820874159561568422","1299521463150542849","temanduit"
"1820466590389023042","Tue Aug 06 17:26:24 +0000 2024","0","@RK_Lamongan Rakyat gob*lok klo sampe keluarga jokowi menang di daerah manapun","1820874076564693423","","RK_Lamongan","in","","0","0","0","https://x.com/AqulilaDarksoul/status/1820874076564693423","973936095321759744","AqulilaDarksoul"
"1820759732778566005","Tue Aug 06 17:26:24 +0000 2024","0","@HajrinMantu @griselruiz88 @prabowo @jokowi @gibran_tweet @NatRothschild1 @DS_yantie @JhonSitorus_18 @BANGSAygSUJUD Prabowo akan memastikan kerjasama ini membawa manfaat bagi Indonesia.","1820874073678979320","","HajrinMantu","in","","0","0","0","https://x.com/24_isti/status/1820874073678979320","1120814994","24_isti"
"1820845522296746477","Tue Aug 06 17:25:41 +0000 2024","0","@ranggavega @jokowi rel kereto ae dicolongi lagi arep ngecor dalan sesuke wesi wes ilang je.. pie arep nyusul","1820873895626600538","","ranggavega","in","between S/R line","0","0","0","https://x.com/iBayem/status/1820873895626600538","158661405","iBayem"
"1820679911805497536","Tue Aug 06 17:25:08 +0000 2024","0","@karlinatitik5 Bani Monas limin otaknya busuk suka fitnah jokowi","1820873755817865400","","karlinatitik5","in","","0","0","0","https://x.com/madhadi435/status/1820873755817865400","749650929222230016","madhadi435"
"1820287881141006828","Tue Aug 06 17:24:52 +0000 2024","0","@ngisormejo1010 @Srik4ndiMuslim2 @jokowi @DPR_RI @KPK_RI Tujuh belasan di seluruh Indonesia dari anak2 pe orang tua merayakan riang gembira banyak lomba2 tontonan ini orang malah ngadu sama Allah karena keduhan ' lebai loe https://t.co/8bC0m8y13b","1820873690361594102","https://pbs.twimg.com/media/GUUK-Cka8AIb0Oq.jpg","ngisormejo1010","in","üáÆüá©NUSA TEMBINIüáÆüá©","0","0","0","https://x.com/OMB4K13/status/1820873690361594102","1365609344448929792","OMB4K13"
"1820787011982070218","Tue Aug 06 17:24:32 +0000 2024","0","@Yurissa_Samosir @kaesangp @choymarkochoy @nomerorae @ay_prakasa2225 @Akang_Tonie @JamalBoegis @mattdilaga @Panitia68285950 @AdamVelcro @MuhiqR @chaidar_2000 Jokowi kelurga besar kemaruk harta dan jabatan. Lips king","1820873605154263390","","Yurissa_Samosir","in","","0","0","0","https://x.com/AqshaGhani/status/1820873605154263390","1556335647928963072","AqshaGhani"
"1820111816716161382","Tue Aug 06 17:24:09 +0000 2024","0","@mohmahfudmd Berani dan jujur dia daripada anda yg menyatakan boleh melanggar konstitusi demi negara ? Dan TAP MPR RI No.6.tahun 2001 bgmn untuk Jokowi. Knp bisa beda saat menko dgn skrg ?","1820873510966980686","","mohmahfudmd","in","Ciledug, Indonesia","0","0","0","https://x.com/lubis10922/status/1820873510966980686","1757548518053695488","lubis10922"
"1820873499768197181","Tue Aug 06 17:24:08 +0000 2024","0","bergantung nyawa diatas seutas SEUTAS (DOANG) tali. @jokowi pernah ga pak bayangin gibran/kaesang diposisi anak anak itu? buat sampe ke sekolah kudu gantung diri dulu. trs pulangnya gitu lagi besoknya lagi on repeat (kalau pun besoknya masih ada nyawa)","1820873503417282847","","handaegguk","in","she/her ","0","0","0","https://x.com/handaegguk/status/1820873503417282847","1373283153222144003","handaegguk"
"1818650168432246899","Tue Aug 06 17:23:47 +0000 2024","0","@jokowi setuju","1820873416448331846","","jokowi","in","","0","0","0","https://x.com/nasywa_sisilia7/status/1820873416448331846","1578651669227003904","nasywa_sisilia7"
"1819169869524611442","Tue Aug 06 17:23:05 +0000 2024","0","@jokowi setuju","1820873239419351225","","jokowi","in","","0","0","0","https://x.com/nasywa_sisilia7/status/1820873239419351225","1578651669227003904","nasywa_sisilia7"
"1820664319073501363","Tue Aug 06 17:22:58 +0000 2024","0","@regar_op0sisi jangan nyalahin presiden mulu. emng dia doang yg kerja? kan setiap daerah di kasih anggaran. ya lu cari yang megang daerah itu. ayolah buka mata gua bukan buzzer jokowi tpi kalo typing lu menyudutkan presiden salah. setiap kota ada walikota&amp;wakil. setiap desa ada camat rt rw.","1820873210797420820","","regar_op0sisi","in","Tangerang Kota, Indonesia","0","1","0","https://x.com/iMadeee0/status/1820873210797420820","1630610211479388162","iMadeee0"
"1818918119123124670","Tue Aug 06 17:22:36 +0000 2024","0","@jokowi setuju","1820873119311261963","","jokowi","in","","0","0","0","https://x.com/arisha_lesa/status/1820873119311261963","1585166035581554688","arisha_lesa"
"1820378706004890049","Tue Aug 06 17:22:27 +0000 2024","0","@jokowi setuju","1820873082510438776","","jokowi","in","","0","0","0","https://x.com/nasywa_sisilia7/status/1820873082510438776","1578651669227003904","nasywa_sisilia7"
"1818918119123124670","Tue Aug 06 17:22:18 +0000 2024","0","@jokowi mantap","1820873043063009307","","jokowi","in","","0","0","0","https://x.com/indah_lestar4/status/1820873043063009307","1597880598848499712","indah_lestar4"
"1820707636431753357","Tue Aug 06 17:19:05 +0000 2024","0","@ArdieSuhardi321 Kalo Jokowi jahat Roky Gerung dah lama mati","1820872235948908855","","ArdieSuhardi321","in","","0","0","0","https://x.com/madhadi435/status/1820872235948908855","749650929222230016","madhadi435"
"1820661168358531542","Tue Aug 06 17:18:50 +0000 2024","0","@vanc1Bozz @jokowi Memangnya didengerin?...","1820872172564574440","","vanc1Bozz","in","","0","0","0","https://x.com/MagnaSatria/status/1820872172564574440","1605291193935400961","MagnaSatria"
"1820530910665781635","Tue Aug 06 17:17:45 +0000 2024","0","@sutanmangara Kebijakan Jokowi akan picu seks bebas dan merusak moral pelajar dan remaja !","1820871898261287326","","sutanmangara","in","Jakarta Timur, DKI Jakarta","0","0","0","https://x.com/MgmPtmgm/status/1820871898261287326","793427822949769216","MgmPtmgm"
"1820761272495100221","Tue Aug 06 17:16:54 +0000 2024","0","@griselruiz88 @prabowo @jokowi @gibran_tweet @NatRothschild1 @NenkMonica @ZAEffendy @AndiSinulingga Inilah bukti keahlian diplomasi Prabowo.","1820871685735903302","","griselruiz88","in","","0","0","0","https://x.com/daffaalfarid4/status/1820871685735903302","3146996014","daffaalfarid4"
"1820773646211920248","Tue Aug 06 17:16:29 +0000 2024","0","@gorunbiraz3 @prabowo @jokowi @gibran_tweet @NatRothschild1 @pamungklr @PUTRI_41708 @NyaiiBubu Salut pak Prabowo membawa RI ke tingkat yang lebih tinggi.","1820871581620695430","","gorunbiraz3","in","","0","0","0","https://x.com/daffaalfarid4/status/1820871581620695430","3146996014","daffaalfarid4"
"1349698273095794690","Tue Aug 06 17:15:48 +0000 2024","0","@raffi_nagita17 @jokowi mantap","1820871406114218152","","raffi_nagita17","in","","0","0","0","https://x.com/arya_gifarii31/status/1820871406114218152","1613075219270500353","arya_gifarii31"
"1820766760989241526","Tue Aug 06 17:15:47 +0000 2024","0","@GirlBieberJ @prabowo @jokowi @gibran_tweet @NatRothschild1 @agathadew_ @kamandhakas @cimotyy Hubungan erat dengan Rothschild memperkuat posisi RI di dunia.","1820871405040497095","","GirlBieberJ","in","","0","0","0","https://x.com/daffaalfarid4/status/1820871405040497095","3146996014","daffaalfarid4"
"1820760679089123826","Tue Aug 06 17:15:38 +0000 2024","0","@griselruiz88 @prabowo @jokowi @gibran_tweet @NatRothschild1 @PartaiSocmed @satriyotutuko @Bud_Cavalera Prabowo membuktikan bahwa Indonesia bisa menjadi pemain utama di kancah internasional.","1820871365186232794","","griselruiz88","in","","0","1","0","https://x.com/daffaalfarid4/status/1820871365186232794","3146996014","daffaalfarid4"
"1820390325451710954","Tue Aug 06 17:15:35 +0000 2024","0","@ch_chotimah2 @jokowi @PDI_Perjuangan Bisa gak sih org ini di ganti sekarang aja jangan tunggu oktober bikin gaduh terus tingkahnya","1820871354901835828","","ch_chotimah2","in","","0","0","0","https://x.com/vlo7518/status/1820871354901835828","1721571479048105984","vlo7518"
"1820773177133535251","Tue Aug 06 17:15:30 +0000 2024","0","@gorunbiraz3 @prabowo @jokowi @gibran_tweet @NatRothschild1 @virtual_asisten @BangPino__ @mpoklela7 Langkah strategis Prabowo menunjukkan visinya yang besar untuk Indonesia.","1820871331463975283","","gorunbiraz3","in","","0","0","0","https://x.com/daffaalfarid4/status/1820871331463975283","3146996014","daffaalfarid4"
"1820766216232882687","Tue Aug 06 17:15:22 +0000 2024","0","@GirlBieberJ @prabowo @jokowi @gibran_tweet @NatRothschild1 @RcyberProj0 @99propaganda @ayundhaqh Diplomasi Prabowo membawa RI ke tingkat yang lebih tinggi.","1820871299260149948","","GirlBieberJ","in","","0","1","0","https://x.com/daffaalfarid4/status/1820871299260149948","3146996014","daffaalfarid4"
"1820760172152946961","Tue Aug 06 17:15:15 +0000 2024","0","@griselruiz88 @prabowo @jokowi @gibran_tweet @NatRothschild1 @DS_yantie @ulwanfakhri @narkosun Prabowo semakin mengukuhkan posisi Indonesia di kancah internasional.","1820871268188745880","","griselruiz88","in","","0","1","0","https://x.com/daffaalfarid4/status/1820871268188745880","3146996014","daffaalfarid4"
"1820759732778566005","Tue Aug 06 17:15:13 +0000 2024","0","@beesha009 @griselruiz88 @prabowo @jokowi @gibran_tweet @NatRothschild1 @DS_yantie @JhonSitorus_18 @BANGSAygSUJUD Mari kita percaya pada kemampuan Prabowo dalam mengelola hubungan internasional.","1820871259951133071","","beesha009","in","","0","0","0","https://x.com/ninipeot99/status/1820871259951133071","3145671433","ninipeot99"
"1820772459760738521","Tue Aug 06 17:15:07 +0000 2024","0","@gorunbiraz3 @prabowo @jokowi @gibran_tweet @NatRothschild1 @BANGSAygSUJUD @JhonSitorus_18 @mimih6mei Hubungan erat dengan Prancis dan Rusia adalah langkah cerdas Prabowo.","1820871234814669211","","gorunbiraz3","in","","0","0","0","https://x.com/daffaalfarid4/status/1820871234814669211","3146996014","daffaalfarid4"
"1820764727875883096","Tue Aug 06 17:14:59 +0000 2024","0","@GirlBieberJ @prabowo @jokowi @gibran_tweet @NatRothschild1 @AbasBalapradana @ShenaSheira @BANGSAygSUJUD Prabowo menunjukkan kepiawaiannya dalam menempatkan RI di tengah kekuatan dunia.","1820871203701342641","","GirlBieberJ","in","","0","0","0","https://x.com/daffaalfarid4/status/1820871203701342641","3146996014","daffaalfarid4"
"1820759732778566005","Tue Aug 06 17:14:52 +0000 2024","0","@griselruiz88 @prabowo @jokowi @gibran_tweet @NatRothschild1 @DS_yantie @JhonSitorus_18 @BANGSAygSUJUD Persahabatan dengan Rothschild adalah bukti keahlian diplomasi Prabowo.","1820871175272329285","","griselruiz88","in","","0","0","0","https://x.com/daffaalfarid4/status/1820871175272329285","3146996014","daffaalfarid4"
"1820605694565048394","Tue Aug 06 17:14:36 +0000 2024","0","@GunRomli Lho....ndak mungkin.....pak @jokowi kan presiden yag merakyat. Sampe masuk gorong¬≤ turun ke sawah berlumpur¬≤... Pasti kalau cuma urusan mobil pak @jokowi rela naik ayla calya avanza dan sejenisnya. Betul ndak pak @jokowi ?","1820871105394950354","","GunRomli","in","Kalimantan Barat, Indonesia","0","0","0","https://x.com/wigbert_flores/status/1820871105394950354","990572294211715077","wigbert_flores"
"1820723119965057242","Tue Aug 06 17:14:16 +0000 2024","0","@GirlBieberJ @KissMyASsdud3 @prabowo @jokowi @gibran_tweet @NatRothschild1 @ImamWM @BangPino__ @abby6mei Langkah diplomasi Prabowo sangat mengagumkan! Indonesia semakin disegani.","1820871023333724304","","GirlBieberJ","in","","0","0","0","https://x.com/abdulhafizdarma/status/1820871023333724304","3147527486","abdulhafizdarma"
